<?xml version="1.0" encoding="UTF-8" standalone="yes"?>
<addon id="repository.kenhconggiao" name="KenhCongGiao Repository" version="1.0.0" provider-name="NguoiCongGiao">
	<extension point="xbmc.addon.repository" name="NguoiCongGiao Addon Repository">
		<info compressed="false">https://github.com/NguoiCongGiao/repository.kenhconggiao/raw/master/addons.xml</info>
		<checksum>https://github.com/NguoiCongGiao/repository.kenhconggiao/raw/master/addons.xml.md5</checksum>
		<datadir zip="true">https://github.com/NguoiCongGiao/repository.kenhconggiao/raw/master/zips</datadir>
	</extension>
	<extension point="xbmc.addon.metadata">
		<summary>XBMC add-ons</summary>
		<description>Vietnamese Catholic channels from YouTube</description>
		<platform>all</platform>
		<assets>
			<icon>icon.png</icon>
			<fanart>fanart.jpg</fanart>
		</assets>
	</extension>
</addon>