<?xml version="1.0" encoding="UTF-8" standalone="yes"?>
<addon id="plugin.video.conggiao" name="[COLOR blue][B]CongGiao[/B][/COLOR]" version="1.20.0" provider-name="NguoiCongGiao">
	<requires>
		<import addon="script.module.httplib2" version="0.1" />
	</requires>
	<extension point="xbmc.python.pluginsource" library="conggiao.py">
		<provides>video</provides>
	</extension>
	<extension point="xbmc.service" library="autorun.py" start="startup">
	</extension>
	<extension point="xbmc.addon.metadata">
		<summary>Kênh Đạo Công Giáo</summary>
		<description>Kênh Công Giáo trên YouTube.</description>
		<platform>all</platform>
		<assets>
			<icon>icon.png</icon>
			<fanart>fanart.jpg</fanart>
		</assets>
	</extension>
</addon>